<?xml version="1.0" encoding="utf-8"?>
<Project name="AFP">
    <Package name="Scripts">
        <Key ID="STR_AFP_Scripts_DisplayName">
            <Polish>ArmaForces - Misja pokazowa</Polish>
        </Key>

        <!-- MISSION -->
        <Key ID="STR_AFP_Scripts_Mission_Author">
            <English>ArmaForces</English>
            <Polish>ArmaForces</Polish>
        </Key>
        <Key ID="STR_AFP_Scripts_Mission_Title">
            <English>ArmaForces - Misja pokazowa</English>
            <Polish>ArmaForces - Misja pokazowa</Polish>
        </Key>
        <Key ID="STR_AFP_Scripts_Mission_Description">
            <English>Who cares about English description.</English>
            <Polish>To jest misja na której możesz bazować żeby zrobić swoją pierwszą misję.</Polish>
        </Key>
        <Key ID="STR_AFP_Scripts_Mission_ShortDescription">
            <English>Bla bla bla in English.</English>
            <Polish>Szkielet misji do zabawy.</Polish>
        </Key>
		
		<!-- Część zawierająca treść intelu -->
		<Key ID="STR_AFP_Scripts_IntelContent">
            <Polish>No elo mortadelo. Nic ciekawego nie ma w tym impelu.</Polish>
        </Key>	
    </Package>
</Project>

<!--
    Legacy stuff
-->

<Project name="ArmaForces">
    <Package name="Preset">
        <Key ID="STR_ArmaForces_Preset_DisplayName">
            <English>ArmaForces - Misja pokazowa</English>
            <Polish>ArmaForces - Misja pokazowa</Polish>
        </Key>
        <!-- COMMON -->
        <Key ID="STR_ArmaForces_Preset_Dialog_Close">
            <Original>Close</Original>
            <English>Close</English>
            <Polish>Zamknij</Polish>
        </Key>
        <!-- GROUP RENAME -->
        <Key ID="STR_ArmaForces_Preset_Dialog_GroupRename_Rename">
            <Original>Rename</Original>
            <English>Rename</English>
            <Polish>Zmień nazwę</Polish>
        </Key>
        <!-- VIEW DISTANCE -->
        <Key ID="STR_ArmaForces_Preset_Dialog_ViewDistance_Custom">
            <Original>Custom</Original>
            <English>Custom</English>
            <Polish>Ustaw własną</Polish>
        </Key>
    </Package>
</Project>
